TimeStamp,User ID,Date Of Birth,city,country,Loyalty Card,Payment Card,PRM Type,Preferred means of transportation,Preferred carrier,Class,Seat,Refund Type,Travel Offer ID,Legs Number,Profile,Starting point,Destination,Via,Departure time,Arrival time,Services,Transfers,Transfer duration,Walking distance to stop,Walking speed,Cycling distance to stop,Cycling speed,Driving speed,Quick,Reliable,Cheap,Comfortable,Door-to-door,Environmentally friendly,Short,Multitasking,Social,Panoramic,Healthy,LegMode,LegCarrier,LegSeat,LegLength,Score
2021-05-02 03:32:39.597860,OLDUSER1,1965-08-08,Oxford,UK,['Grand Voyageur'],"['Paypal', 'Google Wallet', 'Mastercard', 'Visa', 'Apple Wallet']","['Pregnant woman', 'Persons with impairments in their members / users of temporary wheelchair']","['Metro', 'Airline', 'Bus', 'Cable Way', 'Park', 'Taxi', 'Coach', 'Toll', 'Urban', 'Ship', 'Car Sharing', 'Intercity', 'Tram']","[0.5, 0.0, 4.5, 0.0, 2.5, 5.0, 4.5, 0.0, 5.0, 1.5]",First Class,Aisle,Automatic refund,202105120154574,5,Business,Dublin,Milan,"['Porto', 'Nice', 'Barcelona', 'Bruxelle']",2022-10-20 21:49,2022-11-02 08:53,"['Local type', 'Water transport', 'Telecabin']",Max 4,At least 30 min,3000m,Slow,5000m,Fast,Fast,0.16899999999999998,0.4041,0.8627,0.8836,0.1599,0.7778,0.5102,0.838,0.048,0.4715,0.6809,"['Park', 'Airline', 'Trolely Bus', 'Park', 'Trolely Bus']","['FlixBus', 'FlixBus', 'FlixBus', 'SNFC', 'RegioJet']","['Large', 'Aisle', 'Large', 'Aisle', 'Aisle']","[85, 36, 74, 44, 64]",0.5662650602409639
2021-05-02 03:32:39.597860,OLDUSER1,1965-08-08,Oxford,UK,['Grand Voyageur'],"['Paypal', 'Google Wallet', 'Mastercard', 'Visa', 'Apple Wallet']","['Pregnant woman', 'Persons with impairments in their members / users of temporary wheelchair']","['Metro', 'Airline', 'Bus', 'Cable Way', 'Park', 'Taxi', 'Coach', 'Toll', 'Urban', 'Ship', 'Car Sharing', 'Intercity', 'Tram']","[0.5, 0.0, 4.5, 0.0, 2.5, 5.0, 4.5, 0.0, 5.0, 1.5]",First Class,Aisle,Automatic refund,2021051201545712,7,Business,Dublin,Milan,"['Lisbon', 'Milan', 'Crok', 'Praha', 'London', 'Brugge']",2022-10-20 21:49,2022-11-02 08:53,"['Local type', 'Water transport', 'Telecabin']",Max 4,At least 15 min,500m,Slow,17000m,Fast,Fast,0.1676,0.6079,0.9157,0.4736,0.4344,0.2999,0.9296,0.1703,0.3188,0.1218,0.3232,"['Funicular', 'Park', 'Metro', 'Taxi', 'Metro', 'Ship', 'Cable Way']","['Trenitalia', 'AirFrance', 'TMB', 'AirFrance', 'SNFC', 'KLM', 'KLM']","['Large', 'Window', 'Aisle', 'Large', 'Window', 'Large', 'Aisle']","[27, 41, 66, 49, 14, 25, 54]",0.5301204819277109
2021-05-02 03:32:39.597860,OLDUSER1,1965-08-08,Oxford,UK,['Grand Voyageur'],"['Paypal', 'Google Wallet', 'Mastercard', 'Visa', 'Apple Wallet']","['Pregnant woman', 'Persons with impairments in their members / users of temporary wheelchair']","['Metro', 'Airline', 'Bus', 'Cable Way', 'Park', 'Taxi', 'Coach', 'Toll', 'Urban', 'Ship', 'Car Sharing', 'Intercity', 'Tram']","[0.5, 0.0, 4.5, 0.0, 2.5, 5.0, 4.5, 0.0, 5.0, 1.5]",First Class,Aisle,Automatic refund,2021051201545714,8,Business,Dublin,Milan,"['Crok', 'Oxford', 'Berlin', 'Paris', 'Dublin', 'Kraków', 'Brugge']",2022-10-20 21:49,2022-11-02 08:53,"['Local type', 'Water transport', 'Telecabin']",Max 1,normal,4000m,Slow,19500m,Fast,Fast,0.701,0.4171,0.9281,0.2652,0.2597,0.3917,0.8915,0.0684,0.9716,0.6846,0.7511,"['Intercity', 'Toll', 'Car Sharing', 'Ship', 'Other', 'Tram', 'Ship', 'Airline']","['RegioJet', 'FlixBus', 'KLM', 'Iberia', 'Iberia', 'SNFC', 'FlixBus', 'Trenitalia']","['Aisle', 'Large', 'Aisle', 'Aisle', 'Window', 'Aisle', 'Aisle', 'Large']","[54, 61, 35, 48, 40, 13, 82, 47]",0.5180722891566265
2021-05-02 03:32:39.597860,OLDUSER1,1965-08-08,Oxford,UK,['Grand Voyageur'],"['Paypal', 'Google Wallet', 'Mastercard', 'Visa', 'Apple Wallet']","['Pregnant woman', 'Persons with impairments in their members / users of temporary wheelchair']","['Metro', 'Airline', 'Bus', 'Cable Way', 'Park', 'Taxi', 'Coach', 'Toll', 'Urban', 'Ship', 'Car Sharing', 'Intercity', 'Tram']","[0.5, 0.0, 4.5, 0.0, 2.5, 5.0, 4.5, 0.0, 5.0, 1.5]",First Class,Aisle,Automatic refund,202105120154572,4,Business,Dublin,Milan,"['Crok', 'Porto', 'Barcelona']",2022-10-20 21:49,2022-11-02 08:53,"['Local type', 'Water transport', 'Telecabin']",Max 4,At least 25 min,500m,Slow,6000m,Fast,Fast,0.1744,0.4598,0.5233,0.9981,0.4046,0.9138,0.0262,0.2145,0.2884,0.9956,0.7467,"['Airline', 'Tram', 'Coach', 'Trolely Bus']","['SNFC', 'KLM', 'RegioJet', 'AirFrance']","['Window', 'Aisle', 'Window', 'Aisle']","[97, 78, 15, 79]",0.4939759036144578
2021-05-02 03:32:39.597860,OLDUSER1,1965-08-08,Oxford,UK,['Grand Voyageur'],"['Paypal', 'Google Wallet', 'Mastercard', 'Visa', 'Apple Wallet']","['Pregnant woman', 'Persons with impairments in their members / users of temporary wheelchair']","['Metro', 'Airline', 'Bus', 'Cable Way', 'Park', 'Taxi', 'Coach', 'Toll', 'Urban', 'Ship', 'Car Sharing', 'Intercity', 'Tram']","[0.5, 0.0, 4.5, 0.0, 2.5, 5.0, 4.5, 0.0, 5.0, 1.5]",First Class,Aisle,Automatic refund,2021051201545719,2,Business,Dublin,Milan,['Berlin'],2022-10-20 21:49,2022-11-02 08:53,"['Local type', 'Water transport', 'Telecabin']",None,At least 40 min,1500m,Slow,13500m,Fast,Fast,0.1692,0.7566,0.6514,0.5136,0.7765,0.4889,0.0201,0.5277,0.2458,0.8562,0.606,"['Train', 'Park']","['RegioJet', 'RegioJet']","['Large', 'Window']","[74, 95]",0.4939759036144578
2021-05-02 03:32:39.597860,OLDUSER1,1965-08-08,Oxford,UK,['Grand Voyageur'],"['Paypal', 'Google Wallet', 'Mastercard', 'Visa', 'Apple Wallet']","['Pregnant woman', 'Persons with impairments in their members / users of temporary wheelchair']","['Metro', 'Airline', 'Bus', 'Cable Way', 'Park', 'Taxi', 'Coach', 'Toll', 'Urban', 'Ship', 'Car Sharing', 'Intercity', 'Tram']","[0.5, 0.0, 4.5, 0.0, 2.5, 5.0, 4.5, 0.0, 5.0, 1.5]",First Class,Aisle,Automatic refund,202105120154579,10,Business,Dublin,Milan,"['Brugge', 'Nice', 'Barcelona', 'Lisbon', 'Porto', 'Krumlov', 'Milan', 'Bruxelle', 'Kraków']",2022-10-20 21:49,2022-11-02 08:53,"['Local type', 'Water transport', 'Telecabin']",None,At least 35 min,4000m,Slow,18000m,Fast,Fast,0.2528,0.4953,0.8124,0.5334,0.3498,0.5348,0.209,0.6804,0.604,0.4771,0.2412,"['Tram', 'Other', 'Car Sharing', 'Trolely Bus', 'Tram', 'Tram', 'Cable Way', 'Airline', 'Tram', 'Coach']","['VBB', 'KLM', 'TMB', 'RegioJet', 'KLM', 'Trenitalia', 'TMB', 'FlixBus', 'VBB', 'VBB']","['Window', 'Aisle', 'Window', 'Aisle', 'Aisle', 'Window', 'Aisle', 'Aisle', 'Large', 'Window']","[41, 74, 28, 100, 17, 13, 10, 13, 25, 100]",0.4939759036144578
2021-05-02 03:32:39.597860,OLDUSER1,1965-08-08,Oxford,UK,['Grand Voyageur'],"['Paypal', 'Google Wallet', 'Mastercard', 'Visa', 'Apple Wallet']","['Pregnant woman', 'Persons with impairments in their members / users of temporary wheelchair']","['Metro', 'Airline', 'Bus', 'Cable Way', 'Park', 'Taxi', 'Coach', 'Toll', 'Urban', 'Ship', 'Car Sharing', 'Intercity', 'Tram']","[0.5, 0.0, 4.5, 0.0, 2.5, 5.0, 4.5, 0.0, 5.0, 1.5]",First Class,Aisle,Automatic refund,2021051201545721,5,Business,Dublin,Milan,"['Kraków', 'Nice', 'Oxford', 'Lisbon']",2022-10-20 21:49,2022-11-02 08:53,"['Local type', 'Water transport', 'Telecabin']",None,At least 25 min,500m,Slow,8500m,Fast,Fast,0.8513,0.893,0.3774,0.8778,0.8408,0.0896,0.3588,0.5637,0.0434,0.3511,0.4485,"['Urban', 'Other', 'Airline', 'Airline', 'Airline']","['Iberia', 'AirFrance', 'VBB', 'Renfe', 'TMB']","['Aisle', 'Large', 'Window', 'Aisle', 'Large']","[93, 29, 12, 69, 64]",0.4819277108433735
2021-05-02 03:32:39.597860,OLDUSER1,1965-08-08,Oxford,UK,['Grand Voyageur'],"['Paypal', 'Google Wallet', 'Mastercard', 'Visa', 'Apple Wallet']","['Pregnant woman', 'Persons with impairments in their members / users of temporary wheelchair']","['Metro', 'Airline', 'Bus', 'Cable Way', 'Park', 'Taxi', 'Coach', 'Toll', 'Urban', 'Ship', 'Car Sharing', 'Intercity', 'Tram']","[0.5, 0.0, 4.5, 0.0, 2.5, 5.0, 4.5, 0.0, 5.0, 1.5]",First Class,Aisle,Automatic refund,2021051201545713,3,Business,Dublin,Milan,"['Warsaw', 'Milan']",2022-10-20 21:49,2022-11-02 08:53,"['Local type', 'Water transport', 'Telecabin']",Unlimited,At least 35 min,3000m,Slow,3500m,Fast,Fast,0.3464,0.5321,0.4905,0.3248,0.3691,0.3841,0.9498,0.4524,0.7669,0.8099,0.441,"['Urban', 'Bus', 'Coach']","['KLM', 'VBB', 'Trenitalia']","['Window', 'Window', 'Large']","[47, 48, 95]",0.46987951807228917
2021-05-02 03:32:39.597860,OLDUSER1,1965-08-08,Oxford,UK,['Grand Voyageur'],"['Paypal', 'Google Wallet', 'Mastercard', 'Visa', 'Apple Wallet']","['Pregnant woman', 'Persons with impairments in their members / users of temporary wheelchair']","['Metro', 'Airline', 'Bus', 'Cable Way', 'Park', 'Taxi', 'Coach', 'Toll', 'Urban', 'Ship', 'Car Sharing', 'Intercity', 'Tram']","[0.5, 0.0, 4.5, 0.0, 2.5, 5.0, 4.5, 0.0, 5.0, 1.5]",First Class,Aisle,Automatic refund,202105120154575,4,Business,Dublin,Milan,"['Milan', 'Dublin', 'Bruxelle']",2022-10-20 21:49,2022-11-02 08:53,"['Local type', 'Water transport', 'Telecabin']",Unlimited,At least 40 min,2500m,Slow,6000m,Fast,Fast,0.6256,0.8816,0.8956,0.2988,0.4994,0.6970000000000001,0.1748,0.1133,0.0622,0.9075,0.4452,"['Funicular', 'Intercity', 'Train', 'Cable Way']","['KLM', 'Renfe', 'AirFrance', 'FlixBus']","['Aisle', 'Window', 'Window', 'Window']","[27, 10, 74, 28]",0.46987951807228917
2021-05-02 03:32:39.597860,OLDUSER1,1965-08-08,Oxford,UK,['Grand Voyageur'],"['Paypal', 'Google Wallet', 'Mastercard', 'Visa', 'Apple Wallet']","['Pregnant woman', 'Persons with impairments in their members / users of temporary wheelchair']","['Metro', 'Airline', 'Bus', 'Cable Way', 'Park', 'Taxi', 'Coach', 'Toll', 'Urban', 'Ship', 'Car Sharing', 'Intercity', 'Tram']","[0.5, 0.0, 4.5, 0.0, 2.5, 5.0, 4.5, 0.0, 5.0, 1.5]",First Class,Aisle,Automatic refund,202105120154577,2,Business,Dublin,Milan,['Barcelona'],2022-10-20 21:49,2022-11-02 08:53,"['Local type', 'Water transport', 'Telecabin']",Max 1,At least 20 min,4500m,Slow,3500m,Fast,Fast,0.2448,0.6882,0.9779,0.2361,0.1606,0.43200000000000005,0.0217,0.5379,0.1045,0.1694,0.8323,"['Airline', 'Airline']","['RegioJet', 'RegioJet']","['Aisle', 'Aisle']","[56, 50]",0.46987951807228917
2021-05-02 03:32:39.597860,OLDUSER1,1965-08-08,Oxford,UK,['Grand Voyageur'],"['Paypal', 'Google Wallet', 'Mastercard', 'Visa', 'Apple Wallet']","['Pregnant woman', 'Persons with impairments in their members / users of temporary wheelchair']","['Metro', 'Airline', 'Bus', 'Cable Way', 'Park', 'Taxi', 'Coach', 'Toll', 'Urban', 'Ship', 'Car Sharing', 'Intercity', 'Tram']","[0.5, 0.0, 4.5, 0.0, 2.5, 5.0, 4.5, 0.0, 5.0, 1.5]",First Class,Aisle,Automatic refund,202105120154571,5,Business,Dublin,Milan,"['Berlin', 'Paris', 'Bruxelle', 'Barcelona']",2022-10-20 21:49,2022-11-02 08:53,"['Local type', 'Water transport', 'Telecabin']",None,At least 45 min,2500m,Slow,15000m,Fast,Fast,0.9901,0.1305,0.5116,0.1819,0.2643,0.3728,0.3302,0.2058,0.0404,0.6431,0.9266,"['Taxi', 'Metro', 'Bike Sharing', 'Urban', 'Urban']","['RegioJet', 'Renfe', 'Iberia', 'Iberia', 'FlixBus']","['Aisle', 'Large', 'Aisle', 'Window', 'Window']","[89, 55, 61, 87, 52]",0.46987951807228917
2021-05-02 03:32:39.597860,OLDUSER1,1965-08-08,Oxford,UK,['Grand Voyageur'],"['Paypal', 'Google Wallet', 'Mastercard', 'Visa', 'Apple Wallet']","['Pregnant woman', 'Persons with impairments in their members / users of temporary wheelchair']","['Metro', 'Airline', 'Bus', 'Cable Way', 'Park', 'Taxi', 'Coach', 'Toll', 'Urban', 'Ship', 'Car Sharing', 'Intercity', 'Tram']","[0.5, 0.0, 4.5, 0.0, 2.5, 5.0, 4.5, 0.0, 5.0, 1.5]",First Class,Aisle,Automatic refund,2021051201545717,4,Business,Dublin,Milan,"['Berlin', 'Krumlov', 'Dublin']",2022-10-20 21:49,2022-11-02 08:53,"['Local type', 'Water transport', 'Telecabin']",Max 3,normal,4000m,Slow,17000m,Fast,Fast,0.9279,0.2924,0.1784,0.3461,0.1118,0.0888,0.6689,0.6715,0.6772,0.3623,0.7727,"['Tram', 'Car Sharing', 'Funicular', 'Other']","['KLM', 'Renfe', 'FlixBus', 'Renfe']","['Large', 'Aisle', 'Window', 'Aisle']","[12, 63, 13, 78]",0.4578313253012048
2021-05-02 03:32:39.597860,OLDUSER1,1965-08-08,Oxford,UK,['Grand Voyageur'],"['Paypal', 'Google Wallet', 'Mastercard', 'Visa', 'Apple Wallet']","['Pregnant woman', 'Persons with impairments in their members / users of temporary wheelchair']","['Metro', 'Airline', 'Bus', 'Cable Way', 'Park', 'Taxi', 'Coach', 'Toll', 'Urban', 'Ship', 'Car Sharing', 'Intercity', 'Tram']","[0.5, 0.0, 4.5, 0.0, 2.5, 5.0, 4.5, 0.0, 5.0, 1.5]",First Class,Aisle,Automatic refund,2021051201545718,4,Business,Dublin,Milan,"['Krumlov', 'London', 'Bruxelle']",2022-10-20 21:49,2022-11-02 08:53,"['Local type', 'Water transport', 'Telecabin']",None,At least 45 min,1500m,Slow,19000m,Fast,Fast,0.708,0.4347,0.4068,0.3843,0.9729,0.8385,0.142,0.2677,0.5461,0.7402,0.5647,"['Cable Way', 'Tram', 'Urban', 'Park']","['AirFrance', 'SNFC', 'SNFC', 'AirFrance']","['Window', 'Window', 'Large', 'Window']","[31, 86, 72, 53]",0.4457831325301205
2021-05-02 03:32:39.597860,OLDUSER1,1965-08-08,Oxford,UK,['Grand Voyageur'],"['Paypal', 'Google Wallet', 'Mastercard', 'Visa', 'Apple Wallet']","['Pregnant woman', 'Persons with impairments in their members / users of temporary wheelchair']","['Metro', 'Airline', 'Bus', 'Cable Way', 'Park', 'Taxi', 'Coach', 'Toll', 'Urban', 'Ship', 'Car Sharing', 'Intercity', 'Tram']","[0.5, 0.0, 4.5, 0.0, 2.5, 5.0, 4.5, 0.0, 5.0, 1.5]",First Class,Aisle,Automatic refund,2021051201545711,5,Business,Dublin,Milan,"['Kraków', 'London', 'Dublin', 'Paris']",2022-10-20 21:49,2022-11-02 08:53,"['Local type', 'Water transport', 'Telecabin']",Unlimited,At least 35 min,500m,Slow,2000m,Fast,Fast,0.7875,0.4548,0.7753,0.8337,0.6749,0.1305,0.4365,0.8063,0.7176,0.2403,0.5563,"['Other', 'Park', 'Airline', 'Urban', 'Metro']","['TMB', 'VBB', 'KLM', 'Renfe', 'TMB']","['Large', 'Window', 'Window', 'Large', 'Aisle']","[10, 47, 78, 98, 94]",0.4457831325301205
2021-05-02 03:32:39.597860,OLDUSER1,1965-08-08,Oxford,UK,['Grand Voyageur'],"['Paypal', 'Google Wallet', 'Mastercard', 'Visa', 'Apple Wallet']","['Pregnant woman', 'Persons with impairments in their members / users of temporary wheelchair']","['Metro', 'Airline', 'Bus', 'Cable Way', 'Park', 'Taxi', 'Coach', 'Toll', 'Urban', 'Ship', 'Car Sharing', 'Intercity', 'Tram']","[0.5, 0.0, 4.5, 0.0, 2.5, 5.0, 4.5, 0.0, 5.0, 1.5]",First Class,Aisle,Automatic refund,202105120154578,4,Business,Dublin,Milan,"['Brugge', 'Nice', 'Rome']",2022-10-20 21:49,2022-11-02 08:53,"['Local type', 'Water transport', 'Telecabin']",Unlimited,At least 30 min,4000m,Slow,14500m,Fast,Fast,0.9829,0.4655,0.1591,0.1896,0.2835,0.436,0.8622,0.0646,0.5084,0.1805,0.1625,"['Urban', 'Taxi', 'Toll', 'Tram']","['SNFC', 'AirFrance', 'RegioJet', 'VBB']","['Large', 'Aisle', 'Window', 'Window']","[85, 16, 80, 39]",0.4457831325301205
2021-05-02 03:32:39.597860,OLDUSER1,1965-08-08,Oxford,UK,['Grand Voyageur'],"['Paypal', 'Google Wallet', 'Mastercard', 'Visa', 'Apple Wallet']","['Pregnant woman', 'Persons with impairments in their members / users of temporary wheelchair']","['Metro', 'Airline', 'Bus', 'Cable Way', 'Park', 'Taxi', 'Coach', 'Toll', 'Urban', 'Ship', 'Car Sharing', 'Intercity', 'Tram']","[0.5, 0.0, 4.5, 0.0, 2.5, 5.0, 4.5, 0.0, 5.0, 1.5]",First Class,Aisle,Automatic refund,2021051201545720,5,Business,Dublin,Milan,"['Lisbon', 'Berlin', 'Frankfurt', 'Praha']",2022-10-20 21:49,2022-11-02 08:53,"['Local type', 'Water transport', 'Telecabin']",None,normal,3500m,Slow,19000m,Fast,Fast,0.1216,0.4128,0.3262,0.0217,0.9536,0.8648,0.34299999999999997,0.3008,0.2255,0.5246,0.6513,"['Ship', 'Train', 'Trolely Bus', 'Ship', 'Train']","['FlixBus', 'Trenitalia', 'TMB', 'Iberia', 'VBB']","['Large', 'Window', 'Aisle', 'Large', 'Window']","[26, 11, 52, 44, 86]",0.43373493975903615
2021-05-02 03:32:39.597860,OLDUSER1,1965-08-08,Oxford,UK,['Grand Voyageur'],"['Paypal', 'Google Wallet', 'Mastercard', 'Visa', 'Apple Wallet']","['Pregnant woman', 'Persons with impairments in their members / users of temporary wheelchair']","['Metro', 'Airline', 'Bus', 'Cable Way', 'Park', 'Taxi', 'Coach', 'Toll', 'Urban', 'Ship', 'Car Sharing', 'Intercity', 'Tram']","[0.5, 0.0, 4.5, 0.0, 2.5, 5.0, 4.5, 0.0, 5.0, 1.5]",First Class,Aisle,Automatic refund,202105120154570,1,Business,Dublin,Milan,[],2022-10-20 21:49,2022-11-02 08:53,"['Local type', 'Water transport', 'Telecabin']",Max 4,At least 10 min,500m,Slow,14000m,Fast,Fast,0.6517,0.9388,0.7573,0.2716,0.8974,0.5381,0.3983,0.9487,0.0482,0.3925,0.0228,['Coach'],['Renfe'],['Window'],[34],0.43373493975903615
2021-05-02 03:32:39.597860,OLDUSER1,1965-08-08,Oxford,UK,['Grand Voyageur'],"['Paypal', 'Google Wallet', 'Mastercard', 'Visa', 'Apple Wallet']","['Pregnant woman', 'Persons with impairments in their members / users of temporary wheelchair']","['Metro', 'Airline', 'Bus', 'Cable Way', 'Park', 'Taxi', 'Coach', 'Toll', 'Urban', 'Ship', 'Car Sharing', 'Intercity', 'Tram']","[0.5, 0.0, 4.5, 0.0, 2.5, 5.0, 4.5, 0.0, 5.0, 1.5]",First Class,Aisle,Automatic refund,2021051201545715,3,Business,Dublin,Milan,"['Krumlov', 'Milan']",2022-10-20 21:49,2022-11-02 08:53,"['Local type', 'Water transport', 'Telecabin']",Unlimited,At least 40 min,4500m,Slow,19500m,Fast,Fast,0.5413,0.0772,0.0589,0.4037,0.6763,0.5974,0.168,0.4613,0.5019,0.4728,0.7695,"['Trolely Bus', 'Train', 'Tram']","['Renfe', 'RegioJet', 'SNFC']","['Aisle', 'Window', 'Window']","[27, 100, 12]",0.40963855421686746
2021-05-02 03:32:39.597860,OLDUSER1,1965-08-08,Oxford,UK,['Grand Voyageur'],"['Paypal', 'Google Wallet', 'Mastercard', 'Visa', 'Apple Wallet']","['Pregnant woman', 'Persons with impairments in their members / users of temporary wheelchair']","['Metro', 'Airline', 'Bus', 'Cable Way', 'Park', 'Taxi', 'Coach', 'Toll', 'Urban', 'Ship', 'Car Sharing', 'Intercity', 'Tram']","[0.5, 0.0, 4.5, 0.0, 2.5, 5.0, 4.5, 0.0, 5.0, 1.5]",First Class,Aisle,Automatic refund,2021051201545716,4,Business,Dublin,Milan,"['Kraków', 'Milan', 'Paris']",2022-10-20 21:49,2022-11-02 08:53,"['Local type', 'Water transport', 'Telecabin']",Unlimited,At least 45 min,3500m,Slow,14500m,Fast,Fast,0.0812,0.1993,0.7345,0.8469,0.7168,0.3672,0.7432,0.3265,0.6454,0.6476,0.977,"['Metro', 'Trolely Bus', 'Park', 'Trolely Bus']","['VBB', 'KLM', 'VBB', 'RegioJet']","['Window', 'Aisle', 'Aisle', 'Large']","[45, 92, 48, 10]",0.3855421686746988
2021-05-02 03:32:39.597860,OLDUSER1,1965-08-08,Oxford,UK,['Grand Voyageur'],"['Paypal', 'Google Wallet', 'Mastercard', 'Visa', 'Apple Wallet']","['Pregnant woman', 'Persons with impairments in their members / users of temporary wheelchair']","['Metro', 'Airline', 'Bus', 'Cable Way', 'Park', 'Taxi', 'Coach', 'Toll', 'Urban', 'Ship', 'Car Sharing', 'Intercity', 'Tram']","[0.5, 0.0, 4.5, 0.0, 2.5, 5.0, 4.5, 0.0, 5.0, 1.5]",First Class,Aisle,Automatic refund,202105120154576,1,Business,Dublin,Milan,[],2022-10-20 21:49,2022-11-02 08:53,"['Local type', 'Water transport', 'Telecabin']",Max 3,At least 15 min,2500m,Slow,5500m,Fast,Fast,0.7129,0.0539,0.5057,0.3973,0.8287,0.8564,0.9311,0.5755,0.9336,0.2242,0.3353,['Taxi'],['Renfe'],['Large'],[93],0.3614457831325301
2021-05-02 03:32:39.597860,OLDUSER1,1965-08-08,Oxford,UK,['Grand Voyageur'],"['Paypal', 'Google Wallet', 'Mastercard', 'Visa', 'Apple Wallet']","['Pregnant woman', 'Persons with impairments in their members / users of temporary wheelchair']","['Metro', 'Airline', 'Bus', 'Cable Way', 'Park', 'Taxi', 'Coach', 'Toll', 'Urban', 'Ship', 'Car Sharing', 'Intercity', 'Tram']","[0.5, 0.0, 4.5, 0.0, 2.5, 5.0, 4.5, 0.0, 5.0, 1.5]",First Class,Aisle,Automatic refund,202105120154573,1,Business,Dublin,Milan,[],2022-10-20 21:49,2022-11-02 08:53,"['Local type', 'Water transport', 'Telecabin']",Max 4,At least 15 min,4500m,Slow,5000m,Fast,Fast,0.6304,0.5758,0.1455,0.7197,0.5663,0.6663,0.9977,0.2382,0.2518,0.6221,0.2784,['Intercity'],['SNFC'],['Large'],[18],0.3493975903614458
2021-05-02 03:32:39.597860,OLDUSER1,1965-08-08,Oxford,UK,['Grand Voyageur'],"['Paypal', 'Google Wallet', 'Mastercard', 'Visa', 'Apple Wallet']","['Pregnant woman', 'Persons with impairments in their members / users of temporary wheelchair']","['Metro', 'Airline', 'Bus', 'Cable Way', 'Park', 'Taxi', 'Coach', 'Toll', 'Urban', 'Ship', 'Car Sharing', 'Intercity', 'Tram']","[0.5, 0.0, 4.5, 0.0, 2.5, 5.0, 4.5, 0.0, 5.0, 1.5]",First Class,Aisle,Automatic refund,2021051201545710,4,Business,Dublin,Milan,"['Rome', 'Paris', 'Bruxelle']",2022-10-20 21:49,2022-11-02 08:53,"['Local type', 'Water transport', 'Telecabin']",Unlimited,At least 40 min,4500m,Slow,4500m,Fast,Fast,0.9659,0.3247,0.1425,0.284,0.7596,0.4183,0.5692,0.3702,0.8865,0.026000000000000002,0.7229,"['Coach', 'Park', 'Other', 'Coach']","['FlixBus', 'KLM', 'SNFC', 'TMB']","['Window', 'Window', 'Window', 'Large']","[10, 75, 59, 50]",0.3253012048192771
